<?xml version="1.0" encoding="utf-8"?>
<Language Name="Español" IsDefault="false" IsRightToLeft="false">
  <LocaleResource Name="AdminEmail">
    <Value>Correo electrónico del usuario admin</Value>
  </LocaleResource>
  <LocaleResource Name="AdminEmailRequired">
    <Value>Introduce el email de administrador</Value>
  </LocaleResource>
  <LocaleResource Name="AdminPassword">
    <Value>Contraseña del usuario admin</Value>
  </LocaleResource>
  <LocaleResource Name="AdminPasswordRequired">
    <Value>Introduzca la contraseña de administrador</Value>
  </LocaleResource>
  <LocaleResource Name="ConfigureDirectoryPermissions">
    <Value>El '{0}' cuenta no se concede permiso para modificar la carpeta '{1}'. Por favor, configurar estos permisos</Value>
  </LocaleResource>
  <LocaleResource Name="ConfigureFilePermissions">
    <Value>El '{0}' cuenta no se concede permiso para modificar el archivo '{1}'. Por favor, configurar estos permisos</Value>
  </LocaleResource>
  <LocaleResource Name="ConfirmPassword">
    <Value>Confirme la contraseña</Value>
  </LocaleResource>
  <LocaleResource Name="ConfirmPasswordRequired">
    <Value>Introduzca confirmar la contraseña</Value>
  </LocaleResource>
  <LocaleResource Name="ConnectionString">
    <Value>cadena de conexión</Value>
  </LocaleResource>
  <LocaleResource Name="ConnectionStringRequired">
    <Value>Una cadena de conexión SQL se requiere</Value>
  </LocaleResource>
  <LocaleResource Name="ConnectionStringWrongFormat">
    <Value>Mala conexión de SQL cadena de formato</Value>
  </LocaleResource>
  <LocaleResource Name="Country">
    <Value>País</Value>
  </LocaleResource>
  <LocaleResource Name="CountrySelect">
    <Value>Seleccione su país...</Value>
  </LocaleResource>
  <LocaleResource Name="CreateDatabaseIfDoesNotExist">
    <Value>Crear base de datos si no existe</Value>
  </LocaleResource>
  <LocaleResource Name="CreateSampleData">
    <Value>Crear datos de la muestra</Value>
  </LocaleResource>
  <LocaleResource Name="CustomCollation">
    <Value>Especificar colación personalizada</Value>
  </LocaleResource>
  <LocaleResource Name="Database">
    <Value>Base de datos</Value>
  </LocaleResource>
  <LocaleResource Name="DatabaseCreationError">
    <Value>Se produjo un error al crear la base de datos: {0}</Value>
  </LocaleResource>
  <LocaleResource Name="DatabaseInformation">
    <Value>Base de datos de información</Value>
  </LocaleResource>
  <LocaleResource Name="DatabaseName">
    <Value>Base de datos el nombre de</Value>
  </LocaleResource>
  <LocaleResource Name="DatabaseNotExists">
    <Value>Base de datos no existe o no tiene permisos para conectarse a ella</Value>
  </LocaleResource>
  <LocaleResource Name="DataProviderRequired">
    <Value>Seleccione el proveedor de datos</Value>
  </LocaleResource>
  <LocaleResource Name="Documentation1">
    <Value>Si necesita información sobre cómo utilizar nopCommerce, visite</Value>
  </LocaleResource>
  <LocaleResource Name="Documentation2">
    <Value>la sección de documentación de nopCommerce.com</Value>
  </LocaleResource>
  <LocaleResource Name="Example">
    <Value>ejemplo</Value>
  </LocaleResource>
  <LocaleResource Name="Install">
    <Value>instalar</Value>
  </LocaleResource>
  <LocaleResource Name="Installing">
    <Value>Instalación nopCommerce ...</Value>
  </LocaleResource>
  <LocaleResource Name="IntegratedAuthentication">
    <Value>Utilice la autenticación integrada de Windows</Value>
  </LocaleResource>
  <LocaleResource Name="MySql">
    <Value>MySQL</Value>
  </LocaleResource>
  <LocaleResource Name="PasswordsDoNotMatch">
    <Value>Las contraseñas no coinciden</Value>
  </LocaleResource>
  <LocaleResource Name="PostgreSQL">
    <Value>PostgreSQL</Value>
  </LocaleResource>
  <LocaleResource Name="RawConnectionString">
    <Value>Ingrese la cadena de conexión en bruto (avanzado)</Value>
  </LocaleResource>
  <LocaleResource Name="RestartInstallation">
    <Value>reinicie la instalación</Value>
  </LocaleResource>
  <LocaleResource Name="RestartInstallationTooltip">
    <Value>Haga clic para reiniciar el proceso de instalación (borrar todos los valores almacenados en caché)</Value>
  </LocaleResource>
  <LocaleResource Name="RestartProgress">
    <Value>Reiniciando...</Value>
  </LocaleResource>
  <LocaleResource Name="ServerName">
    <Value>Nombre del servidor</Value>
  </LocaleResource>
  <LocaleResource Name="ServerNameRequired">
    <Value>Se requiere el nombre del servidor</Value>
  </LocaleResource>
  <LocaleResource Name="SetupFailed">
    <Value>Error de instalación: {0}</Value>
  </LocaleResource>
  <LocaleResource Name="SqlPassword">
    <Value>SQL Contraseña del</Value>
  </LocaleResource>
  <LocaleResource Name="SqlPasswordRequired">
    <Value>SQL Contraseña del es necesario</Value>
  </LocaleResource>
  <LocaleResource Name="SqlServer">
    <Value>Microsoft SQL Server</Value>
  </LocaleResource>
  <LocaleResource Name="SqlUsername">
    <Value>Nombre de usuario SQL</Value>
  </LocaleResource>
  <LocaleResource Name="SqlUsernameRequired">
    <Value>Nombre de usuario SQL es necesario</Value>
  </LocaleResource>
  <LocaleResource Name="StoreInformation">
    <Value>Almacenar la información</Value>
  </LocaleResource>
  <LocaleResource Name="SubscribeNewsletters">
    <Value>Suscribirse al boletín de nopCommerce</Value>
  </LocaleResource>
  <LocaleResource Name="Title">
    <Value>nopCommerce de instalación</Value>
  </LocaleResource>
  <LocaleResource Name="Tooltip2">
    <Value>Para completar este asistente debe saber alguna información acerca de su servidor de base de datos ("cadena de conexión"). Por favor, póngase en contacto con su ISP si es necesario. Si va a instalar en un equipo local o en el servidor es posible que tenga información de su administrador del sistema</Value>
  </LocaleResource>
</Language>