<?xml version="1.0" encoding="utf-8"?>
<Language Name="Latvian" IsDefault="false" IsRightToLeft="false">
  <LocaleResource Name="AdminEmail">
    <Value>Administratora lietotāja e-pasta adrese</Value>
  </LocaleResource>
  <LocaleResource Name="AdminEmailRequired">
    <Value>Administratora lietotāja e-pasts ir obligāts</Value>
  </LocaleResource>
  <LocaleResource Name="AdminPassword">
    <Value>Administratora lietotāja parole</Value>
  </LocaleResource>
  <LocaleResource Name="AdminPasswordRequired">
    <Value>Administratora lietotāja parole ir obligāta</Value>
  </LocaleResource>
  <LocaleResource Name="ConfigureDirectoryPermissions">
    <Value>Kontam '{0}' nav piešķirta atļauja modificēt mapi '{1}'. Lūdzu, konfigurējiet šīs atļaujas.</Value>
  </LocaleResource>
  <LocaleResource Name="ConfigureFilePermissions">
    <Value>Kontam '{0}' nav piešķirta atļauja modificēt failu '{1}'. Lūdzu, konfigurējiet šīs atļaujas.</Value>
  </LocaleResource>
  <LocaleResource Name="ConfirmPassword">
    <Value>Apstipriniet paroli</Value>
  </LocaleResource>
  <LocaleResource Name="ConfirmPasswordRequired">
    <Value>Paroles apstiprināšana ir obligāta</Value>
  </LocaleResource>
  <LocaleResource Name="ConnectionString">
    <Value>Savienojuma virkne</Value>
  </LocaleResource>
  <LocaleResource Name="ConnectionStringRequired">
    <Value>SQL savienojuma virkne ir obligāta</Value>
  </LocaleResource>
  <LocaleResource Name="ConnectionStringWrongFormat">
    <Value>Nepareizs SQL savienojuma virknes formāts</Value>
  </LocaleResource>
  <LocaleResource Name="Country">
    <Value>Valsts</Value>
  </LocaleResource>
  <LocaleResource Name="CountrySelect">
    <Value>Izvēlies savu valsti...</Value>
  </LocaleResource>
  <LocaleResource Name="CreateDatabaseIfDoesNotExist">
    <Value>Izveidot datubāzi, ja tā neeksistē</Value>
  </LocaleResource>
  <LocaleResource Name="CreateSampleData">
    <Value>Izveidot parauga datus</Value>
  </LocaleResource>
  <LocaleResource Name="CustomCollation">
    <Value>Norādīet pielāgoto kārtošanas kolāciju</Value>
  </LocaleResource>
  <LocaleResource Name="Database">
    <Value>Datubāze</Value>
  </LocaleResource>
  <LocaleResource Name="DatabaseCreationError">
    <Value>Veidojot datubāzi, radās kļūda: {0}</Value>
  </LocaleResource>
  <LocaleResource Name="DatabaseInformation">
    <Value>Datubāzes informācija</Value>
  </LocaleResource>
  <LocaleResource Name="DatabaseName">
    <Value>Datubāzes nosaukums</Value>
  </LocaleResource>
  <LocaleResource Name="DatabaseNotExists">
    <Value>Datu bāze neeksistē vai jums nav atļauju tai pieslēgties.</Value>
  </LocaleResource>
  <LocaleResource Name="DataProviderRequired">
    <Value>Izvēlieties datu sniedzēju</Value>
  </LocaleResource>
  <LocaleResource Name="Documentation1">
    <Value>Ja jums nepieciešama informācija par to, kā lietot nopCommerce, apmeklējiet</Value>
  </LocaleResource>
  <LocaleResource Name="Documentation2">
    <Value>nopCommerce.com dokumentācijas sadaļu</Value>
  </LocaleResource>
  <LocaleResource Name="Example">
    <Value>Piemērs</Value>
  </LocaleResource>
  <LocaleResource Name="Install">
    <Value>Uzstādīt</Value>
  </LocaleResource>
  <LocaleResource Name="Installing">
    <Value>Uzstāda nopCommerce...</Value>
  </LocaleResource>
  <LocaleResource Name="IntegratedAuthentication">
    <Value>Izmantot integrēto Windows autentifikāciju</Value>
  </LocaleResource>
  <LocaleResource Name="MySql">
    <Value>MySQL</Value>
  </LocaleResource>
  <LocaleResource Name="PasswordsDoNotMatch">
    <Value>Paroles nesakrīt</Value>
  </LocaleResource>
  <LocaleResource Name="PostgreSQL">
    <Value>PostgreSQL</Value>
  </LocaleResource>
  <LocaleResource Name="RawConnectionString">
    <Value>Ievadiet neapstrādātu savienojuma virkni (padziļināti)</Value>
  </LocaleResource>
  <LocaleResource Name="RestartInstallation">
    <Value>Uzstādīšanas procesa atkārtota palaišana</Value>
  </LocaleResource>
  <LocaleResource Name="RestartInstallationTooltip">
    <Value>Noklikšķiniet, lai atkārtoti uzsāktu uzstādīšanas procesu (notīriet visas kešatmiņā saglabātās vērtības).</Value>
  </LocaleResource>
  <LocaleResource Name="RestartProgress">
    <Value>Notiek restartēšana...</Value>
  </LocaleResource>
  <LocaleResource Name="ServerName">
    <Value>Servera Nosaukums</Value>
  </LocaleResource>
  <LocaleResource Name="ServerNameRequired">
    <Value>Servera nosaukums ir obligāts</Value>
  </LocaleResource>
  <LocaleResource Name="SetupFailed">
    <Value>Iestatīšana neizdevās: {0}</Value>
  </LocaleResource>
  <LocaleResource Name="SqlPassword">
    <Value>SQL parole</Value>
  </LocaleResource>
  <LocaleResource Name="SqlPasswordRequired">
    <Value>SQL parole ir obligāta</Value>
  </LocaleResource>
  <LocaleResource Name="SqlServer">
    <Value>Microsoft SQL Server</Value>
  </LocaleResource>
  <LocaleResource Name="SqlUsername">
    <Value>SQL lietotājvārds</Value>
  </LocaleResource>
  <LocaleResource Name="SqlUsernameRequired">
    <Value>SQL lietotājvārds ir obligāts</Value>
  </LocaleResource>
  <LocaleResource Name="StoreInformation">
    <Value>Veikala informācija</Value>
  </LocaleResource>
  <LocaleResource Name="SubscribeNewsletters">
    <Value>Abonēt nopCommerce ziņu lapu</Value>
  </LocaleResource>
  <LocaleResource Name="Title">
    <Value>nopCommerce uzstādīšana</Value>
  </LocaleResource>
  <LocaleResource Name="Tooltip2">
    <Value>Lai pabeigtu šo vedni, ir jāzina informācija par datubāzes serveri ("savienojuma virkne"). Ja nepieciešams, sazinieties ar savu interneta pakalpojumu sniedzēju. Ja instalāciju veicat vietējā datorā vai serverī, iespējams, jums būs nepieciešama informācija no sistēmas administratora.</Value>
  </LocaleResource>
</Language>