<?xml version="1.0" encoding="utf-8"?>
<Language Name="Հայերեն" IsDefault="false" IsRightToLeft="false">
  <LocaleResource Name="AdminEmail">
    <Value>Ադմինիստրատորի էլ. փոստ</Value>
  </LocaleResource>
  <LocaleResource Name="AdminEmailRequired">
    <Value>Մուտքագրեք ադմինիստրատորի էլ. փոստի հասցեն</Value>
  </LocaleResource>
  <LocaleResource Name="AdminPassword">
    <Value>Ադմինիստրատորի գաղտնաբառ</Value>
  </LocaleResource>
  <LocaleResource Name="AdminPasswordRequired">
    <Value>Մուտքագրեք ադմինիստրատորի գաղտնաբառը</Value>
  </LocaleResource>
  <LocaleResource Name="ConfigureDirectoryPermissions">
    <Value>Համակարգի '{0}' օգտագործողը չունի '{1}' թղթապանակում գրելու համար անհրաժեշտ թույլտվություններ: Խնդրում ենք կարգավորել այդ թույլտվությունները:</Value>
  </LocaleResource>
  <LocaleResource Name="ConfigureFilePermissions">
    <Value>Համակարգի '{0}' օգտագործողը չունի '{1}' ֆայլում գրելու համար անհրաժեշտ թույլտվություններ: Խնդրում ենք կարգավորել այդ թույլտվությունները:</Value>
  </LocaleResource>
  <LocaleResource Name="ConfirmPassword">
    <Value>Գաղտնաբառի հաստատում</Value>
  </LocaleResource>
  <LocaleResource Name="ConfirmPasswordRequired">
    <Value>Գաղտնաբառի հաստատում</Value>
  </LocaleResource>
  <LocaleResource Name="ConnectionString">
    <Value>Տվյալների բազայի կարգավորումներ</Value>
  </LocaleResource>
  <LocaleResource Name="ConnectionStringRequired">
    <Value>Մուտքագրեք տվյալների բազայի հետ կապի կարգավորումների տողը</Value>
  </LocaleResource>
  <LocaleResource Name="ConnectionStringWrongFormat">
    <Value>Տվյալների բազայի կարգավորումների տողը սխալ է</Value>
  </LocaleResource>
  <LocaleResource Name="Country">
    <Value>Երկիր</Value>
  </LocaleResource>
  <LocaleResource Name="CountrySelect">
    <Value>Ընտրել երկիրը</Value>
  </LocaleResource>
  <LocaleResource Name="CreateDatabaseIfDoesNotExist">
    <Value>Ստեղծել տվյալների բազան, եթե այն գոյություն չունի</Value>
  </LocaleResource>
  <LocaleResource Name="CreateSampleData">
    <Value>Ավելացնել թեստային տվյալներ (ապրանքներ, կատեգորիաներ և այլն)</Value>
  </LocaleResource>
  <LocaleResource Name="CustomCollation">
    <Value>Նշել նախընտրելի տեսակավորումը</Value>
  </LocaleResource>
  <LocaleResource Name="Database">
    <Value>Տվյալների բազա</Value>
  </LocaleResource>
  <LocaleResource Name="DatabaseCreationError">
    <Value>Տվյալների բազան ստեղծելիս առաջացել է սխալ՝ {0}</Value>
  </LocaleResource>
  <LocaleResource Name="DatabaseInformation">
    <Value>Ինֆորմացիա տվյալների բազայի մասին</Value>
  </LocaleResource>
  <LocaleResource Name="DatabaseName">
    <Value>Բազայի անվանում</Value>
  </LocaleResource>
  <LocaleResource Name="DatabaseNotExists">
    <Value>Նշված տվյալների բազան գոյություն չունի, կամ հնարավոր չէ կապ հաստատել այդ բազայի հետ</Value>
  </LocaleResource>
  <LocaleResource Name="DataProviderRequired">
    <Value>Մուտքագրեք տվյալների բազայի պրովայդերը</Value>
  </LocaleResource>
  <LocaleResource Name="Documentation1">
    <Value>Եթե ցանկանում եք իմանալ ինչպես կարգավորել և օգտագործել nopCommerce համակարգը, ապա խնդրում ենք այցելել</Value>
  </LocaleResource>
  <LocaleResource Name="Documentation2">
    <Value>nopCommerce.com կայքի "Documentation" բաժին</Value>
  </LocaleResource>
  <LocaleResource Name="Example">
    <Value>Օրինակ</Value>
  </LocaleResource>
  <LocaleResource Name="Install">
    <Value>Տեղադրել</Value>
  </LocaleResource>
  <LocaleResource Name="Installing">
    <Value>nopCommerce տեղադրում...</Value>
  </LocaleResource>
  <LocaleResource Name="IntegratedAuthentication">
    <Value>Windows համակարգի ստուգում</Value>
  </LocaleResource>
  <LocaleResource Name="MySql">
    <Value>MySQL</Value>
  </LocaleResource>
  <LocaleResource Name="PasswordsDoNotMatch">
    <Value>Գաղտնաբառերը չեն համընկնում</Value>
  </LocaleResource>
  <LocaleResource Name="PostgreSQL">
    <Value>PostgreSQL</Value>
  </LocaleResource>
  <LocaleResource Name="RawConnectionString">
    <Value>Մուտքագրել տվյալների բազայի հետ կապի raw տողը</Value>
  </LocaleResource>
  <LocaleResource Name="RestartInstallation">
    <Value>Վերսկսել տեղադրման գործընթացը</Value>
  </LocaleResource>
  <LocaleResource Name="RestartInstallationTooltip">
    <Value>Սեղմեք, եթե ցանկանում եք վերսկսել տեղադրման գործընթացը (մաքրում է բոլոր քեշավորված տվյալները)</Value>
  </LocaleResource>
  <LocaleResource Name="RestartProgress">
    <Value>Վերագործարկում…</Value>
  </LocaleResource>
  <LocaleResource Name="ServerName">
    <Value>Սերվերի անունը</Value>
  </LocaleResource>
  <LocaleResource Name="ServerNameRequired">
    <Value>Անհրաժեշտ է մուտքագրել սերվերի անունը</Value>
  </LocaleResource>
  <LocaleResource Name="SetupFailed">
    <Value>Տեղադրման սխալ՝ {0}</Value>
  </LocaleResource>
  <LocaleResource Name="SqlPassword">
    <Value>SQL Server գաղտնաբառ</Value>
  </LocaleResource>
  <LocaleResource Name="SqlPasswordRequired">
    <Value>Մուտքագրեք SQL Server գաղտնաբառը</Value>
  </LocaleResource>
  <LocaleResource Name="SqlServer">
    <Value>Microsoft SQL Server</Value>
  </LocaleResource>
  <LocaleResource Name="SqlUsername">
    <Value>SQL Server գաղտնանուն</Value>
  </LocaleResource>
  <LocaleResource Name="SqlUsernameRequired">
    <Value>Մուտքագրեք SQL Server գաղտնանունը</Value>
  </LocaleResource>
  <LocaleResource Name="StoreInformation">
    <Value>Ինֆորմացիա խանութի մասին</Value>
  </LocaleResource>
  <LocaleResource Name="SubscribeNewsletters">
    <Value>Բաժանորդագրվել nopCommerce նորություններին</Value>
  </LocaleResource>
  <LocaleResource Name="Title">
    <Value>nopCommerce տեղադրում</Value>
  </LocaleResource>
  <LocaleResource Name="Tooltip2">
    <Value>nopCommerce համակարգը հաջողությամբ տեղադրելու համար Դուք պետք է իմանաք տվյալների բազային միանալու կարգավորումների տողը: Եթե Դուք չունեք այդ ինֆորմացիան, ապա կարող եք հարցնել Ձեր հոսթինգ պրովայդերից: Եթե տեղադրում եք լոկալ համակարգչի վրա, ապա կարող եք իմանալ Ձեր ադմինիստրատորից:</Value>
  </LocaleResource>
</Language>