<?xml version="1.0" encoding="utf-8"?>
<Language Name="বাংলা (বাংলাদেশ)" IsDefault="false" IsRightToLeft="false">
  <LocaleResource Name="AdminEmail">
    <Value>অ্যাডমিন ইমেইল</Value>
  </LocaleResource>
  <LocaleResource Name="AdminEmailRequired">
    <Value>অ্যাডমিন ইমেইল লিখুন</Value>
  </LocaleResource>
  <LocaleResource Name="AdminPassword">
    <Value>অ্যাডমিন পাসওয়ার্ড</Value>
  </LocaleResource>
  <LocaleResource Name="AdminPasswordRequired">
    <Value>অ্যাডমিন পাসওয়ার্ড লিখুন</Value>
  </LocaleResource>
  <LocaleResource Name="ConfigureDirectoryPermissions">
    <Value>'{1}' ফোল্ডারটি পরিবর্তনের অনুমতি '{0}' অ্যাকাউন্টের নেই। অনুগ্রহ করে অনুমতিগুলো কনফিগার করে নিন। </Value>
  </LocaleResource>
  <LocaleResource Name="ConfigureFilePermissions">
    <Value>'{1}' ফাইলটি পরিবর্তনের অনুমতি '{0}' অ্যাকাউন্টের নেই। অনুগ্রহ করে অনুমতিগুলো কনফিগার করে নিন।</Value>
  </LocaleResource>
  <LocaleResource Name="ConfirmPassword">
    <Value>পাসওয়ার্ড নিশ্চিত করুন</Value>
  </LocaleResource>
  <LocaleResource Name="ConfirmPasswordRequired">
    <Value>নিশ্চিতকরন পাসওয়ার্ড লিখুন</Value>
  </LocaleResource>
  <LocaleResource Name="ConnectionString">
    <Value>কানেকশন স্ট্রিং</Value>
  </LocaleResource>
  <LocaleResource Name="ConnectionStringRequired">
    <Value>SQL কানেকশন স্ট্রিং আবশ্যক</Value>
  </LocaleResource>
  <LocaleResource Name="ConnectionStringWrongFormat">
    <Value>SQL কানেকশন স্ট্রিং-এর ফরম্যাটটি ভুল</Value>
  </LocaleResource>
  <LocaleResource Name="Country">
    <Value>দেশ</Value>
  </LocaleResource>
  <LocaleResource Name="CountrySelect">
    <Value>আপনার দেশ নির্বাচন করুন...</Value>
  </LocaleResource>
  <LocaleResource Name="CreateDatabaseIfDoesNotExist">
    <Value>ডাটাবেস না থাকলে তৈরি করুন</Value>
  </LocaleResource>
  <LocaleResource Name="CreateSampleData">
    <Value>নমুনা ডেটা তৈরি করুন</Value>
  </LocaleResource>
  <LocaleResource Name="CustomCollation">
    <Value>কাস্টম কোলেশন উল্লেখ করুন</Value>
  </LocaleResource>
  <LocaleResource Name="Database">
    <Value>ডেটাবেস</Value>
  </LocaleResource>
  <LocaleResource Name="DatabaseCreationError">
    <Value>ডাটাবেস: {0} তৈরি করার সময় একটি সমস্যা হয়েছে</Value>
  </LocaleResource>
  <LocaleResource Name="DatabaseInformation">
    <Value>ডাটাবেসের তথ্য</Value>
  </LocaleResource>
  <LocaleResource Name="DatabaseName">
    <Value>ডাটাবেসের নাম</Value>
  </LocaleResource>
  <LocaleResource Name="DatabaseNotExists">
    <Value>ডাটাবেসটি নেই অথবা এটিতে সংযোগ স্থাপন করতে আপনার অনুমতি নেই</Value>
  </LocaleResource>
  <LocaleResource Name="DataProviderRequired">
    <Value>ডেটা সরবরাহকারী নির্বাচন করুন</Value>
  </LocaleResource>
  <LocaleResource Name="Documentation1">
    <Value>nopCommerce কিভাবে ব্যাবহার করতে হয় তা জানতে ভিজিট করুন</Value>
  </LocaleResource>
  <LocaleResource Name="Documentation2">
    <Value>nopCommerce.com ডকুমেন্টেশন বিভাগ</Value>
  </LocaleResource>
  <LocaleResource Name="Example">
    <Value>উদাহরণ</Value>
  </LocaleResource>
  <LocaleResource Name="Install">
    <Value>ইনস্টল করুন</Value>
  </LocaleResource>
  <LocaleResource Name="Installing">
    <Value>nopCommerce ইনস্টল হচ্ছে...</Value>
  </LocaleResource>
  <LocaleResource Name="IntegratedAuthentication">
    <Value>ইন্টিগ্রেটেড উইন্ডোজ অথেন্টিকেশন ব্যবহার করুন</Value>
  </LocaleResource>
  <LocaleResource Name="MySql">
    <Value>মাইএসকিউএল</Value>
  </LocaleResource>
  <LocaleResource Name="PasswordsDoNotMatch">
    <Value>পাসওয়ার্ড মিলছে না</Value>
  </LocaleResource>
  <LocaleResource Name="PostgreSQL">
    <Value>পোস্টগ্রেSQL</Value>
  </LocaleResource>
  <LocaleResource Name="RawConnectionString">
    <Value>Raw কানেকশন স্ট্রিং লিখুন (এক্সপার্ট ব্যবহারকারীর জন্য)</Value>
  </LocaleResource>
  <LocaleResource Name="RestartInstallation">
    <Value>পুনরায় ইনস্টলেশন শুরু করুন</Value>
  </LocaleResource>
  <LocaleResource Name="RestartInstallationTooltip">
    <Value>ইনস্টলেশন প্রক্রিয়া পুনরায় আরম্ভ করার জন্য ক্লিক করুন (ক্যাশের সব মান মুছে ফেলা হবে) </Value>
  </LocaleResource>
  <LocaleResource Name="RestartProgress">
    <Value>পুনরায় চালু হচ্ছে...</Value>
  </LocaleResource>
  <LocaleResource Name="ServerName">
    <Value>সার্ভারের নাম</Value>
  </LocaleResource>
  <LocaleResource Name="ServerNameRequired">
    <Value>সার্ভারের নাম বাধ্যতামূলক</Value>
  </LocaleResource>
  <LocaleResource Name="SetupFailed">
    <Value>সেটআপ ব্যর্থ হয়েছে: {0}</Value>
  </LocaleResource>
  <LocaleResource Name="SqlPassword">
    <Value>SQL পাসওয়ার্ড</Value>
  </LocaleResource>
  <LocaleResource Name="SqlPasswordRequired">
    <Value>SQL সার্ভারের পাসওয়ার্ড আবশ্যক।</Value>
  </LocaleResource>
  <LocaleResource Name="SqlServer">
    <Value>মাইক্রোসফ্ট এসকিউএল সার্ভার</Value>
  </LocaleResource>
  <LocaleResource Name="SqlUsername">
    <Value>SQL ব্যবহারকারীর নাম</Value>
  </LocaleResource>
  <LocaleResource Name="SqlUsernameRequired">
    <Value>ইউজারনেম প্রদান আবশ্যক।</Value>
  </LocaleResource>
  <LocaleResource Name="StoreInformation">
    <Value>স্টোরের তথ্য</Value>
  </LocaleResource>
  <LocaleResource Name="SubscribeNewsletters">
    <Value>nopCommerce নিউজলেটার সদস্যতা</Value>
  </LocaleResource>
  <LocaleResource Name="Title">
    <Value>nopCommerce ইনস্টলেশন</Value>
  </LocaleResource>
  <LocaleResource Name="Tooltip2">
    <Value>এই উইজার্ডটি সম্পূর্ণ করতে আপনাকে আপনার ডাটাবেস সার্ভার সংক্রান্ত কিছু তথ্য ("কানেকশন স্ট্রিং") জানতে হবে। প্রয়োজন হলে আপনার ISP-র সাথে যোগাযোগ করুন। যদি আপনি এটি লোকাল মেশিনে অথবা সার্ভারে ইন্সটল করে থাকেন তাহলে আপনার সিস্টেম অ্যাডমিন থেকে কিছু তথ্য প্রয়োজন হতে পারে।</Value>
  </LocaleResource>
</Language>